action/destructive/background/default	P:feedback/error/default
action/destructive/background/disabled	P:neutral/200
action/destructive/background/hover	P:feedback/error/dark
action/destructive/background/pressed	P:feedback/error/dark
action/destructive/border/default	P:feedback/error/default
action/destructive/border/disabled	P:neutral/300
action/destructive/content/default	P:neutral/0
action/destructive/content/disabled	P:neutral/400
action/link/content/default	P:brand/multibrand/primary/500	P:brand/esika/apple-red	P:brand/lbel/primary	P:brand/cyzone/primary
action/link/content/disabled	P:neutral/400
action/link/content/visited	P:brand/multibrand/primary/700	P:brand/esika/berry-red	P:brand/lbel/primary	P:brand/cyzone/primary
action/primary/background/default	P:brand/multibrand/primary/500	P:brand/esika/apple-red	P:brand/lbel/primary	P:brand/cyzone/primary
action/primary/background/disabled	P:neutral/200
action/primary/content/default	P:neutral/0
action/primary/content/disabled	P:neutral/400
action/primary/state/hover	S:state/on-brand/hover
action/primary/state/pressed	S:state/on-brand/pressed
action/secondary/background/default	P:alpha/transparent
action/secondary/background/disabled	P:alpha/transparent
action/secondary/border/default	P:neutral/200	P:brand/esika/apple-red	P:brand/lbel/primary	P:brand/cyzone/primary
action/secondary/border/disabled	P:neutral/300
action/secondary/content/default	P:neutral/1000	P:brand/esika/apple-red	P:brand/lbel/primary	P:brand/cyzone/primary
action/secondary/content/disabled	P:neutral/400
action/secondary/state/hover	S:state/on-surface/hover
action/secondary/state/pressed	S:state/on-surface/pressed
action/tertiary/content/default	P:brand/multibrand/primary/500	P:brand/esika/apple-red	P:brand/lbel/primary	P:brand/cyzone/primary
action/tertiary/content/disabled	P:neutral/400
action/tertiary/state/hover	S:state/on-surface/hover
action/tertiary/state/pressed	S:state/on-surface/pressed
alert/background/error	S:feedback/error/background
alert/background/info	S:feedback/info/background
alert/background/neutral	S:surface/subtle
alert/background/success	S:feedback/success/background
alert/background/warning	S:feedback/warning/background
alert/border/error	S:feedback/error/border
alert/border/info	S:feedback/info/border
alert/border/neutral	S:border/default
alert/border/success	S:feedback/success/border
alert/border/warning	S:feedback/warning/border
alert/content/error	S:feedback/error/content
alert/content/info	S:feedback/info/content
alert/content/neutral	S:text/subtle
alert/content/success	S:feedback/success/content
alert/content/warning	S:feedback/warning/content
badge/background	P:feedback/error/default
badge/content	S:text/inverse
border/brand	P:brand/multibrand/primary/500	P:brand/esika/primary	P:brand/lbel/primary	P:brand/cyzone/primary
border/default	P:neutral/200
border/disabled	P:neutral/200
border/inverse	P:neutral/0
border/strong	P:neutral/300
border/subtle	P:neutral/100
bottom-sheet/background	S:surface/raised
bottom-sheet/body	S:text/default
bottom-sheet/support	S:text/subtle
bottom-sheet/title	S:text/default
breadcrumb-item/background/default	S:surface/default
breadcrumb-item/content/current	S:text/default
breadcrumb-item/content/link	S:text/brand
breadcrumb-item/focus/outer	S:focus/ring/outer
breadcrumb-separator/content	S:text/disabled
card/background/default	S:surface/default
card/background/elevated	S:surface/raised
card/background/outlined	S:surface/default
card/border/outlined	S:border/default
checkbox/control/background/default	S:surface/default
checkbox/control/background/disabled	S:surface/disabled
checkbox/control/background/selected	S:action/primary/background/default
checkbox/control/background/selected-disabled	S:action/primary/background/disabled
checkbox/control/border/default	S:border/strong
checkbox/control/border/disabled	S:border/subtle
checkbox/control/border/selected	S:border/brand
checkbox/control/mark/default	S:icon/inverse
checkbox/control/mark/disabled	S:icon/inverse
checkbox/focus/ring	S:focus/ring/outer
checkbox/group/label/default	S:text/default
checkbox/group/support/default	S:field/support/default
checkbox/group/support/error	S:field/support/error
checkbox/label/default	S:text/default
checkbox/label/disabled	S:text/disabled
checkbox/state/hover	S:state/on-surface/hover
data-table/background	S:surface/default
data-table/border	S:border/default
data/series/1	P:brand/multibrand/primary/500	P:brand/esika/primary	P:brand/lbel/primary	P:brand/cyzone/primary
data/series/2	P:brand/multibrand/secondary/500	P:brand/esika/bright-yellow	P:brand/multibrand/secondary/500	P:brand/multibrand/secondary/500
data/series/3	P:feedback/info/default
data/series/4	P:neutral/600
dialog/background	S:surface/raised
dialog/body	S:text/default
dialog/support	S:text/subtle
dialog/title	S:text/default
disclosure/background/default	S:surface/default
disclosure/background/disabled	S:surface/default
disclosure/background/focus	S:surface/default
disclosure/background/hover	S:state/on-surface/hover
disclosure/background/pressed	S:state/on-surface/pressed
disclosure/body	S:text/default
disclosure/divider	S:border/default
disclosure/focus/inner	S:focus/ring/inner
disclosure/focus/outer	S:focus/ring/outer
disclosure/icon/default	S:icon/default
disclosure/icon/disabled	S:icon/disabled
disclosure/title/default	S:text/default
disclosure/title/disabled	S:text/disabled
drawer/background	S:surface/raised
drawer/title	S:text/default
feedback/error/background	P:feedback/error/light
feedback/error/border	P:feedback/error/default
feedback/error/content	P:feedback/error/dark
feedback/info/background	P:feedback/info/light
feedback/info/border	P:feedback/info/default
feedback/info/content	P:feedback/info/dark
feedback/success/background	P:feedback/success/light
feedback/success/border	P:feedback/success/default
feedback/success/content	P:feedback/success/dark
feedback/warning/background	P:feedback/warning/light
feedback/warning/border	P:feedback/warning/default
feedback/warning/content	P:feedback/warning/dark
field/background/default	S:surface/default
field/background/disabled	S:surface/disabled
field/border/default	S:border/default
field/border/disabled	S:border/disabled
field/border/error	S:feedback/error/border
field/border/focus	S:border/brand
field/border/hover	S:border/strong
field/border/success	S:feedback/success/border
field/content/default	S:text/default
field/content/disabled	S:text/disabled
field/content/placeholder	S:text/placeholder
field/icon/default	S:icon/default
field/icon/disabled	S:icon/disabled
field/label/default	S:text/default
field/label/disabled	S:text/disabled
field/support/default	S:text/subtle
field/support/disabled	S:text/disabled
field/support/error	S:feedback/error/content
field/support/success	S:feedback/success/content
filter-chip/background/default	S:surface/raised
filter-chip/background/disabled	S:surface/disabled
filter-chip/background/hover	S:state/on-surface/hover
filter-chip/background/selected	S:state/selected/background
filter-chip/background/selected-disabled	S:action/primary/background/disabled
filter-chip/background/selected-hover	S:state/on-brand/hover
filter-chip/border/default	S:border/default
filter-chip/border/disabled	S:border/disabled
filter-chip/border/selected	S:state/selected/border
filter-chip/border/selected-disabled	S:border/disabled
filter-chip/content/default	S:text/default
filter-chip/content/disabled	S:text/disabled
filter-chip/content/selected	S:state/selected/content
filter-chip/content/selected-disabled	S:text/disabled
filter-chip/focus/inner	S:focus/ring/inner
filter-chip/focus/outer	S:focus/ring/outer
focus/ring/inner	P:neutral/0
focus/ring/outer	P:brand/multibrand/primary/400	P:brand/esika/primary	P:brand/lbel/primary	P:brand/cyzone/primary
highlight/background/default	P:brand/multibrand/secondary/500	P:brand/esika/bright-yellow	P:brand/lbel/purple/200	P:neutral/100
highlight/background/subtle	P:brand/multibrand/secondary/50	P:brand/esika/beige	P:brand/lbel/purple/100	P:neutral/100
highlight/border	P:brand/multibrand/secondary/600	P:brand/esika/bright-yellow	P:brand/lbel/purple/400	P:neutral/300
highlight/content	P:neutral/900
icon/brand	P:brand/multibrand/primary/500	P:brand/esika/primary	P:brand/lbel/primary	P:brand/cyzone/primary
icon/default	P:neutral/1000
icon/disabled	P:neutral/400
icon/error	S:feedback/error/content
icon/info	S:feedback/info/content
icon/inverse	P:neutral/0
icon/subtle	P:neutral/600
icon/success	S:feedback/success/content
icon/warning	S:feedback/warning/content
loader/content/brand	S:icon/brand
loader/content/default	S:icon/default
loader/content/inverse	S:icon/inverse
menu-item/background/default	S:surface/raised
menu-item/background/destructive-hover	S:feedback/error/background
menu-item/background/destructive-pressed	S:feedback/error/background
menu-item/background/focus	S:state/on-surface/hover
menu-item/background/hover	S:state/on-surface/hover
menu-item/background/pressed	S:state/on-surface/pressed
menu-item/content/default	S:text/default
menu-item/content/destructive	S:feedback/error/content
menu-item/content/disabled	S:text/disabled
menu-item/content/subtle	S:text/subtle
menu-item/divider	S:border/subtle
menu-item/focus-ring	S:focus/ring/outer
menu-item/icon/default	S:icon/default
menu-item/icon/destructive	S:feedback/error/content
menu-item/icon/disabled	S:icon/disabled
menu/background	S:surface/raised
menu/border	S:border/default
navigation-item/background/default	S:surface/default
navigation-item/background/hover	S:state/on-surface/hover
navigation-item/background/selected	S:surface/brand-subtle
navigation-item/content/default	S:text/default
navigation-item/content/disabled	S:text/disabled
navigation-item/content/selected	S:text/brand
navigation-item/focus/outer	S:focus/ring/outer
overlay/scrim	P:alpha/black/40
overlay/strong	P:alpha/black/60
pagination-control/background/default	S:surface/default
pagination-control/background/hover	S:state/on-surface/hover
pagination-control/background/pressed	S:state/on-surface/pressed
pagination-control/content/default	S:text/default
pagination-control/content/disabled	S:text/disabled
pagination-control/focus/outer	S:focus/ring/outer
pagination-control/icon/default	S:icon/default
pagination-control/icon/disabled	S:icon/disabled
pagination-gap/content	S:text/disabled
pagination-page/background/current	S:surface/brand-subtle
pagination-page/background/default	S:surface/default
pagination-page/background/hover	S:state/on-surface/hover
pagination-page/background/pressed	S:state/on-surface/pressed
pagination-page/content/current	S:text/brand
pagination-page/content/default	S:text/default
pagination-page/content/disabled	S:text/disabled
pagination-page/focus/outer	S:focus/ring/outer
popover/background	S:surface/raised
popover/body	S:text/subtle
popover/border	S:border/default
popover/title	S:text/default
product-card/background/available	S:surface/default
product-card/background/out-of-stock	S:surface/default
product-card/brand	S:text/subtle
product-card/focus/outer	S:focus/ring/outer
product-card/media/background	S:surface/subtle
product-card/name/available	S:text/default
product-card/name/out-of-stock	S:text/disabled
product-card/previous-price	S:text/subtle
product-card/price/available	S:text/default
product-card/price/out-of-stock	S:text/disabled
progress-bar/fill/brand	S:surface/brand
progress-bar/fill/error	S:feedback/error/content
progress-bar/fill/success	S:feedback/success/content
progress-bar/track/brand	S:surface/brand-subtle
progress-bar/track/error	S:feedback/error/background
progress-bar/track/success	S:feedback/success/background
promotion/discount/background	P:brand/multibrand/secondary/500	P:brand/esika/apple-red	P:brand/lbel/gold/light	P:brand/cyzone/magenta
promotion/discount/border	P:brand/multibrand/secondary/700	P:brand/esika/cherry-red	P:brand/lbel/gold/dark	P:brand/cyzone/magenta
promotion/discount/content	P:neutral/900	P:neutral/0	P:neutral/900	P:neutral/0
radio/control/border/default	S:border/strong
radio/control/border/disabled	S:border/subtle
radio/control/border/hover	S:border/brand
radio/control/border/selected	S:border/brand
radio/control/dot/disabled	S:icon/disabled
radio/control/dot/selected	S:icon/brand
radio/focus/ring	S:focus/ring/outer
radio/group/label/default	S:text/default
radio/group/support/default	S:text/subtle
radio/group/support/error	S:feedback/error/content
radio/label/default	S:text/default
radio/label/disabled	S:text/disabled
radio/state/hover	S:state/on-surface/hover
segmented/background	S:surface/subtle
segmented/focus/inner	S:focus/ring/inner
segmented/focus/ring	S:focus/ring/outer
segmented/item/background/default	S:surface/subtle
segmented/item/background/disabled	S:surface/disabled
segmented/item/background/hover	S:surface/raised
segmented/item/background/selected	S:action/primary/background/default
segmented/item/background/selected-disabled	S:action/primary/background/disabled
segmented/item/content/default	S:text/default
segmented/item/content/disabled	S:text/disabled
segmented/item/content/selected	S:text/inverse
segmented/item/content/selected-disabled	S:text/disabled
segmented/item/state/selected-hover	S:state/on-brand/hover
select-menu/background	S:surface/raised
select-menu/border	S:border/default
select-option/background/default	S:surface/raised
select-option/background/hover	S:surface/subtle
select-option/content/default	S:text/default
select-option/content/disabled	S:text/disabled
select-option/icon/selected	S:icon/brand
skeleton/background	S:surface/subtle
state-message/description	S:text/subtle
state-message/title	S:text/default
state/on-brand/hover	P:alpha/white/08	P:alpha/black/08	P:alpha/white/08	P:alpha/black/08
state/on-brand/pressed	P:alpha/white/12	P:alpha/black/12	P:alpha/white/12	P:alpha/black/12
state/on-inverse/hover	P:alpha/white/08
state/on-inverse/pressed	P:alpha/white/12
state/on-surface/hover	P:alpha/black/08
state/on-surface/pressed	P:alpha/black/12
state/selected/background	P:brand/multibrand/primary/50	P:brand/esika/beige	P:brand/lbel/purple/100	P:neutral/100
state/selected/border	P:brand/multibrand/primary/500	P:brand/esika/apple-red	P:brand/lbel/primary	P:brand/cyzone/primary
state/selected/content	P:brand/multibrand/primary/700	P:brand/esika/apple-red	P:brand/lbel/primary	P:brand/cyzone/primary
status-tag/background/brand	S:surface/brand-subtle
status-tag/background/error	S:feedback/error/background
status-tag/background/info	S:feedback/info/background
status-tag/background/neutral	S:surface/subtle
status-tag/background/success	S:feedback/success/background
status-tag/background/warning	S:feedback/warning/background
status-tag/content/brand	S:text/brand
status-tag/content/error	S:feedback/error/content
status-tag/content/info	S:feedback/info/content
status-tag/content/neutral	S:text/subtle
status-tag/content/success	S:feedback/success/content
status-tag/content/warning	S:feedback/warning/content
step-item/connector/complete	S:surface/brand
step-item/connector/current	S:border/default
step-item/connector/upcoming	S:border/default
step-item/label/complete	S:text/default
step-item/label/current	S:text/brand
step-item/label/upcoming	S:text/subtle
step-item/marker/background/complete	S:surface/brand
step-item/marker/background/current	S:surface/brand-subtle
step-item/marker/background/upcoming	S:surface/default
step-item/marker/border/current	S:border/brand
step-item/marker/border/upcoming	S:border/default
step-item/marker/content/complete	S:action/primary/content/default
step-item/marker/content/current	S:text/brand
step-item/marker/content/upcoming	S:text/subtle
surface/brand	P:brand/multibrand/primary/500	P:brand/esika/apple-red	P:brand/lbel/primary	P:brand/cyzone/primary
surface/brand-subtle	P:brand/multibrand/primary/50	P:brand/esika/beige	P:brand/lbel/purple/100	P:neutral/100
surface/default	P:neutral/0
surface/disabled	P:neutral/100
surface/inverse	P:neutral/1000
surface/page	P:neutral/100
surface/raised	P:neutral/0
surface/subtle	P:neutral/100
switch/focus/ring	S:focus/ring/outer
switch/label/default	S:text/default
switch/label/disabled	S:text/disabled
switch/state/off-hover	S:state/on-surface/hover
switch/state/on-hover	S:state/on-brand/hover
switch/support/default	S:text/subtle
switch/support/disabled	S:text/disabled
switch/thumb/background/default	S:surface/default
switch/thumb/background/disabled	S:surface/default
switch/track/background/off	S:border/default
switch/track/background/off-disabled	S:surface/disabled
switch/track/background/on	S:action/primary/background/default
switch/track/background/on-disabled	S:action/primary/background/disabled
table-cell/text/data	S:text/default
table-cell/text/header	S:text/default
table-row/background/default	S:surface/default
table-row/background/header	S:surface/subtle
table-row/background/hover	S:state/on-surface/hover
table-row/background/selected	S:surface/brand-subtle
table-row/divider	S:border/subtle
tabs/container/divider	S:border/subtle
tabs/focus/inner	S:focus/ring/inner
tabs/focus/outer	S:focus/ring/outer
tabs/item/background/hover	S:state/on-surface/hover
tabs/item/content/active	S:text/brand
tabs/item/content/default	S:text/subtle
tabs/item/content/disabled	S:text/disabled
tabs/item/indicator	S:border/brand
tabs/item/indicator/disabled	S:border/disabled
text/brand	P:brand/multibrand/primary/500	P:brand/esika/apple-red	P:brand/lbel/primary	P:brand/cyzone/primary
text/default	P:neutral/1000
text/disabled	P:neutral/400
text/inverse	P:neutral/0
text/placeholder	P:neutral/500
text/subtle	P:neutral/600
text/tertiary	P:neutral/400
toast/background/error	S:feedback/error/background
toast/background/info	S:feedback/info/background
toast/background/neutral	S:surface/subtle
toast/background/success	S:feedback/success/background
toast/background/warning	S:feedback/warning/background
toast/border/error	S:feedback/error/border
toast/border/info	S:feedback/info/border
toast/border/neutral	S:border/default
toast/border/success	S:feedback/success/border
toast/border/warning	S:feedback/warning/border
toast/content/error	S:feedback/error/content
toast/content/info	S:feedback/info/content
toast/content/neutral	S:text/subtle
toast/content/success	S:feedback/success/content
toast/content/warning	S:feedback/warning/content
tooltip/background	S:surface/inverse
tooltip/content	S:text/inverse
