accordion/gap	P:space/2
alert/min-height	P:space/8
alert/padding-block	P:space/3
alert/padding-inline	P:space/4
alert/radius	P:radius/md
alert/stroke	P:stroke/1
badge/height	P:size/16
badge/min-width	P:size/16
badge/padding-inline	P:space/1
badge/radius	P:radius/full
bottom-sheet/actions-gap	P:space/2
bottom-sheet/gap	P:space/4
bottom-sheet/header-gap	P:space/2
bottom-sheet/min-height	160
bottom-sheet/padding	P:space/4
bottom-sheet/radius	S:radius/overlay
breadcrumb-item/focus-stroke	P:stroke/2
breadcrumb-item/min-height	P:size/32
breadcrumb-item/padding-inline	P:space/1
breadcrumb-item/radius	P:radius/sm
breadcrumb/gap	P:space/1
button/gap/lg	P:space/2
button/gap/md	P:space/2
button/gap/sm	P:space/1
button/padding-inline/lg	P:space/5
button/padding-inline/md	P:space/4
button/padding-inline/sm	P:space/3
card/gap	P:space/3
card/padding	P:space/4
card/radius	S:radius/surface
card/stroke	P:stroke/1
checkbox/control/radius	P:radius/sm
checkbox/control/size/lg	S:radio/control/size/lg
checkbox/control/size/md	S:radio/control/size/md
checkbox/control/stroke	P:stroke/2
checkbox/focus/stroke	P:stroke/2
checkbox/group/gap	S:radio/group/gap
checkbox/group/label-gap	S:radio/group/label-gap
checkbox/item/gap	S:radio/item/gap
checkbox/item/min-height/lg	S:radio/item/min-height/lg
checkbox/item/min-height/md	S:radio/item/min-height/md
checkbox/item/padding-block/lg	S:radio/item/padding-block/lg
checkbox/item/padding-block/md	S:radio/item/padding-block/md
checkbox/item/padding-inline	S:radio/item/padding-inline
control/size/lg	P:size/48
control/size/md	P:size/40
control/size/sm	P:size/32
data-table/radius	S:radius/surface
data-table/stroke	P:stroke/1
dialog/actions-gap	P:space/2
dialog/gap	P:space/4
dialog/header-gap	P:space/2
dialog/max-width	600
dialog/min-width	320
dialog/padding	P:space/5
dialog/radius	S:radius/overlay
disclosure/content-gap	P:space/2
disclosure/focus-stroke	P:stroke/2
disclosure/min-height	S:control/size/lg
disclosure/padding-block	P:space/3
disclosure/padding-inline	P:space/4
disclosure/radius	P:radius/md
drawer/actions-gap	P:space/2
drawer/gap	P:space/4
drawer/header-gap	P:space/2
drawer/padding	P:space/4
drawer/radius	P:radius/none
drawer/width	380
field/content-gap/lg	P:space/2
field/content-gap/md	P:space/2
field/height/lg	S:control/size/lg
field/height/md	S:control/size/md
field/padding-inline/lg	P:space/4
field/padding-inline/md	P:space/3
field/stack-gap	P:space/1
filter-chip/focus/stroke	P:stroke/2
filter-chip/height/md	S:control/size/md
filter-chip/height/sm	P:size/32
filter-chip/padding-inline/md	P:space/4
filter-chip/padding-inline/sm	P:space/3
filter-chip/radius	P:radius/full
filter-chip/stroke	P:stroke/1
icon/size/16	P:size/16
icon/size/20	P:size/20
icon/size/24	P:size/24
icon/size/32	P:size/32
loader/size/lg	P:size/24
loader/size/md	P:size/20
loader/size/sm	P:size/16
loader/stroke-width/lg	P:stroke/2
loader/stroke-width/md	1.75
loader/stroke-width/sm	1.5
menu-item/content-gap	P:space/1
menu-item/divider-stroke	P:stroke/1
menu-item/focus-stroke	P:stroke/2
menu-item/gap	P:space/3
menu-item/min-height	S:control/size/lg
menu-item/padding-block	P:space/2
menu-item/padding-inline	P:space/3
menu-item/radius	P:radius/md
menu/max-width	320
menu/min-width	160
menu/padding	P:space/2
menu/radius	P:radius/lg
menu/stroke	P:stroke/1
navigation-group/gap	P:space/1
navigation-group/label-gap	P:space/2
navigation-item/focus-stroke	P:stroke/2
navigation-item/gap	P:space/2
navigation-item/min-height	S:control/size/lg
navigation-item/padding-inline	P:space/3
navigation-item/radius	P:radius/md
navigation/gap	P:space/2
pagination-control/focus-stroke	P:stroke/2
pagination-control/gap	P:space/1
pagination-control/min-height	S:control/size/md
pagination-control/padding-inline	P:space/2
pagination-control/radius	P:radius/md
pagination-page/focus-stroke	P:stroke/2
pagination-page/radius	P:radius/md
pagination-page/size	S:control/size/md
pagination/gap	P:space/2
popover/gap	P:space/2
popover/max-width	320
popover/padding	P:space/4
popover/radius	P:radius/lg
popover/stroke	P:stroke/1
product-card/content-gap	P:space/1
product-card/focus-stroke	P:stroke/2
product-card/gap	P:space/2
product-card/media-radius	P:radius/md
product-card/padding	P:space/3
product-card/radius	S:radius/surface
progress-bar/height	P:space/2
progress-bar/radius	P:radius/full
radio/control/dot/lg	P:size/12
radio/control/dot/md	P:size/10
radio/control/size/lg	S:icon/size/24
radio/control/size/md	S:icon/size/20
radio/control/stroke	P:stroke/2
radio/focus/stroke	P:stroke/2
radio/group/gap	P:space/1
radio/group/label-gap	P:space/2
radio/item/gap	P:space/2
radio/item/min-height/lg	S:control/size/lg
radio/item/min-height/md	S:control/size/md
radio/item/padding-block/lg	P:size/12
radio/item/padding-block/md	P:size/10
radio/item/padding-inline	P:space/2
radius/control	P:radius/md	P:radius/none	P:radius/none	P:radius/none
radius/overlay	P:radius/xl	P:radius/none	P:radius/none	P:radius/none
radius/round	P:radius/full
radius/surface	P:radius/lg	P:radius/none	P:radius/none	P:radius/none
segmented/container/gap	P:space/1
segmented/container/padding	P:space/1
segmented/container/radius	P:radius/lg
segmented/focus/stroke	P:stroke/2
segmented/item/height/lg	S:control/size/lg
segmented/item/height/md	S:control/size/md
segmented/item/padding-inline/lg	P:space/4
segmented/item/padding-inline/md	P:space/3
segmented/item/radius	P:radius/md
select-menu/gap	P:space/1
select-menu/padding	P:space/1
select-menu/radius	S:radius/overlay
select-option/gap	P:space/2
select-option/height/lg	S:control/size/lg
select-option/height/md	S:control/size/md
select-option/padding-inline/lg	P:space/4
select-option/padding-inline/md	P:space/3
skeleton/radius/block	P:radius/md
skeleton/radius/circle	P:radius/full
state-message/actions-gap	P:space/2
state-message/content-gap	P:space/2
state-message/max-width	480
state-message/visual-gap	P:space/4
status-tag/height/md	P:size/24
status-tag/height/sm	P:size/20
status-tag/padding-inline	P:space/2
status-tag/radius	P:radius/full
step-item/connector-thickness	P:stroke/2
step-item/content-gap	P:space/2
step-item/marker-gap	P:space/2
step-item/marker-stroke	P:stroke/1
step-item/marker/radius	P:radius/full
step-item/marker/size	P:size/24
stepper/gap	0
switch/focus/stroke	P:stroke/2
switch/item/gap	P:space/3
switch/item/min-height/lg	S:control/size/lg
switch/item/min-height/md	S:control/size/md
switch/item/stack-gap	P:space/1
switch/thumb/radius	S:radius/round
switch/thumb/size/lg	P:size/20
switch/thumb/size/md	P:size/16
switch/track/height/lg	P:size/28
switch/track/height/md	P:size/24
switch/track/inset	P:space/1
switch/track/radius	S:radius/round
switch/track/width/lg	S:control/size/lg
switch/track/width/md	S:control/size/md
table-cell/padding-block	P:space/2
table-cell/padding-inline	P:space/3
table-row/divider-stroke	P:stroke/1
table-row/min-height	S:control/size/md
tabs/container/divider-thickness	P:stroke/1
tabs/focus/stroke	P:stroke/2
tabs/item/height/lg	S:control/size/lg
tabs/item/height/md	S:control/size/md
tabs/item/indicator-thickness	P:stroke/2
tabs/item/padding-inline	P:space/4
textarea/min-height/lg	P:size/128
textarea/min-height/md	P:size/96
toast/max-width	320
toast/min-height	S:control/size/lg
toast/padding-block	P:space/3
toast/padding-inline	P:space/4
toast/radius	P:radius/md
toast/stroke	P:stroke/1
tooltip/max-width	240
tooltip/min-height	P:size/32
tooltip/padding-block	P:space/2
tooltip/padding-inline	P:space/2
tooltip/radius	P:radius/md
